task_id,service_class,cpu,memory,bandwidth,work_units
0,URLLC,1.25,37.8,9.7,22.7
1,mMTC,1.0,22.7,1.8,7.8
2,eMBB,3.68,220.6,37.5,70.9
3,eMBB,3.1,140.0,45.7,85.1
4,eMBB,3.83,355.4,21.5,104.0
5,mMTC,1.0,13.6,1.9,14.8
6,mMTC,1.0,12.5,2.0,5.7
7,URLLC,1.17,68.2,5.7,10.8
8,mMTC,1.0,18.6,3.0,6.1
9,eMBB,3.72,296.0,46.3,60.9
10,mMTC,1.0,26.1,2.7,14.9
11,mMTC,1.0,19.2,1.9,10.0
12,mMTC,1.0,23.5,1.5,13.9
13,mMTC,1.0,31.0,1.8,9.1
14,mMTC,1.0,10.3,1.4,5.1
15,mMTC,1.0,11.1,2.9,9.1
16,eMBB,2.06,383.9,26.9,44.3
17,eMBB,2.12,175.0,14.1,81.0
18,eMBB,2.87,295.5,30.9,106.8
19,eMBB,2.66,219.5,41.1,118.6
20,mMTC,1.0,12.9,1.5,7.9
21,eMBB,3.79,251.8,13.1,72.6
22,mMTC,1.0,17.9,2.7,10.7
23,URLLC,1.01,89.9,8.1,10.8
24,eMBB,3.11,350.2,41.5,99.5
25,eMBB,2.58,165.2,19.9,54.0
26,URLLC,1.41,88.8,8.7,17.7
27,mMTC,1.0,24.5,1.5,5.3
28,eMBB,2.07,176.5,34.2,54.1
29,eMBB,3.99,500.8,12.7,79.9
30,eMBB,3.02,395.5,22.4,42.4
31,mMTC,1.0,30.4,2.7,5.5
32,mMTC,1.0,11.8,2.3,9.3
33,mMTC,1.0,18.0,1.6,13.0
34,eMBB,3.9,436.6,18.3,46.4
35,mMTC,1.0,18.8,1.9,14.8
36,mMTC,1.0,18.6,2.4,14.1
37,eMBB,3.7,413.9,45.4,58.9
38,mMTC,1.0,11.8,2.2,7.1
39,eMBB,3.83,324.8,15.8,105.0
40,mMTC,1.0,22.4,2.8,14.5
41,eMBB,2.36,493.8,20.3,56.2
42,eMBB,3.8,244.8,38.9,84.5
43,mMTC,1.0,10.4,2.2,13.0
44,eMBB,3.0,456.4,39.3,109.3
45,eMBB,2.86,150.0,15.3,67.9
46,mMTC,1.0,8.4,2.6,5.7
47,URLLC,1.69,85.5,8.5,9.2
48,mMTC,1.0,16.0,1.9,12.5
49,mMTC,1.0,18.4,1.3,14.4
50,mMTC,1.0,22.2,2.3,5.2
51,eMBB,3.73,319.8,30.4,119.8
52,eMBB,3.4,336.0,44.8,106.7
53,eMBB,2.15,423.2,41.0,102.4
54,eMBB,2.81,162.3,12.3,63.0
55,mMTC,1.0,17.1,2.2,14.8
56,mMTC,1.0,12.1,3.0,12.1
57,eMBB,3.44,335.6,32.8,113.6
58,URLLC,1.87,114.5,9.7,13.0
59,mMTC,1.0,30.7,1.3,8.9
60,mMTC,1.0,26.1,1.9,13.6
61,eMBB,2.03,337.7,15.3,44.2
62,eMBB,2.26,201.7,44.0,67.6
63,URLLC,1.98,51.6,8.2,5.7
64,mMTC,1.0,13.2,2.6,14.8
65,mMTC,1.0,16.5,1.5,13.3
66,URLLC,1.08,35.0,6.6,19.1
67,eMBB,3.01,178.8,22.5,49.7
68,mMTC,1.0,31.0,2.7,9.4
69,eMBB,2.41,420.7,23.5,99.9
70,mMTC,1.0,28.1,2.8,5.9
71,eMBB,3.38,385.8,33.8,94.8
72,mMTC,1.0,26.7,1.5,12.7
73,mMTC,1.0,17.7,1.6,8.8
74,mMTC,1.0,10.9,1.9,6.7
75,mMTC,1.0,13.6,1.2,10.2
76,URLLC,1.6,98.6,9.3,23.3
77,mMTC,1.0,23.0,1.5,10.7
78,URLLC,1.23,89.0,5.3,13.8
79,eMBB,3.43,146.8,21.8,69.3
80,eMBB,3.43,396.6,18.3,97.5
81,mMTC,1.0,17.9,1.6,10.3
82,eMBB,2.06,294.7,23.9,55.2
83,URLLC,1.63,32.4,4.0,22.5
84,URLLC,1.1,83.6,6.8,24.6
85,mMTC,1.0,13.6,3.0,11.2
86,eMBB,3.48,507.3,14.1,96.4
87,mMTC,1.0,25.8,2.9,13.3
88,mMTC,1.0,27.3,1.5,11.2
89,mMTC,1.0,20.2,2.0,6.2
90,mMTC,1.0,21.2,2.6,9.5
91,URLLC,1.37,67.2,6.2,7.9
92,mMTC,1.0,19.4,2.7,6.7
93,mMTC,1.0,27.1,1.8,7.1
94,mMTC,1.0,25.1,2.9,11.1
95,mMTC,1.0,25.7,2.9,12.3
96,mMTC,1.0,17.2,1.3,5.0
97,mMTC,1.0,23.7,2.2,7.9
98,eMBB,2.01,326.4,46.1,52.9
99,mMTC,1.0,21.5,2.5,7.9
100,mMTC,1.0,31.5,2.0,14.3
101,URLLC,1.66,40.4,4.3,13.7
102,mMTC,1.0,20.9,2.0,5.9
103,eMBB,3.3,205.9,26.6,119.8
104,mMTC,1.0,12.8,2.7,5.2
105,URLLC,1.54,121.6,9.4,19.8
106,mMTC,1.0,17.2,1.9,11.9
107,mMTC,1.0,24.5,2.9,9.2
108,mMTC,1.0,12.2,1.3,10.9
109,eMBB,3.8,353.8,35.5,102.7
110,mMTC,1.0,29.3,1.0,14.0
111,eMBB,2.24,386.1,20.0,66.8
112,mMTC,1.0,29.4,1.3,6.5
113,URLLC,1.82,55.7,2.0,6.9
114,eMBB,3.11,273.0,21.0,88.2
115,URLLC,1.4,69.5,6.9,18.0
116,URLLC,1.86,88.9,9.8,21.3
117,mMTC,1.0,15.0,2.2,10.1
118,eMBB,2.33,445.1,44.9,52.8
119,mMTC,1.0,10.5,1.2,7.9
120,mMTC,1.0,30.5,2.6,12.6
121,mMTC,1.0,22.5,2.9,10.5
122,eMBB,2.9,357.5,25.4,115.0
123,eMBB,2.81,485.2,22.2,52.1
124,eMBB,2.98,280.5,12.1,66.1
125,URLLC,1.6,40.5,2.2,17.0
126,mMTC,1.0,20.0,2.2,11.7
127,mMTC,1.0,25.4,2.0,6.0
128,eMBB,3.52,201.4,13.4,82.6
129,mMTC,1.0,12.9,2.7,14.5
130,mMTC,1.0,24.8,2.0,13.7
131,mMTC,1.0,20.0,2.1,7.2
132,mMTC,1.0,13.7,1.4,13.4
133,mMTC,1.0,16.4,1.0,10.4
134,eMBB,2.25,285.6,35.7,65.9
135,mMTC,1.0,23.8,2.9,13.2
136,mMTC,1.0,21.5,1.0,9.3
137,mMTC,1.0,15.0,2.5,11.4
138,eMBB,3.69,285.4,47.6,79.8
139,mMTC,1.0,27.3,2.0,13.0
140,mMTC,1.0,27.1,1.8,13.8
141,eMBB,2.79,347.9,12.1,115.2
142,URLLC,1.43,48.1,7.9,12.1
143,eMBB,2.66,333.8,35.9,83.6
144,mMTC,1.0,15.0,2.3,6.6
145,eMBB,3.4,327.1,37.7,62.7
146,URLLC,1.92,50.3,4.3,13.0
147,eMBB,2.71,191.4,42.9,90.5
148,URLLC,1.33,110.9,3.3,7.8
149,eMBB,2.25,477.0,26.3,76.4
150,mMTC,1.0,18.8,1.3,11.0
151,eMBB,2.32,457.4,32.2,93.1
152,mMTC,1.0,17.4,2.3,9.9
153,eMBB,3.89,501.2,21.5,106.5
154,mMTC,1.0,25.8,2.6,5.1
155,URLLC,1.65,53.0,2.9,5.1
156,mMTC,1.0,28.7,1.4,8.7
157,eMBB,3.43,147.7,21.8,44.0
158,URLLC,1.77,108.9,5.8,8.0
159,mMTC,1.0,29.5,2.1,9.1
160,mMTC,1.0,17.9,1.5,5.3
161,eMBB,3.71,333.0,43.8,67.9
162,eMBB,2.62,147.7,30.0,110.2
163,mMTC,1.0,27.4,2.0,8.6
164,eMBB,2.91,189.0,46.1,95.3
165,URLLC,1.78,61.8,7.9,11.4
166,mMTC,1.0,14.3,1.9,9.7
167,URLLC,1.9,73.5,5.2,10.5
168,URLLC,1.9,71.7,4.9,18.8
169,eMBB,3.16,336.7,21.0,115.5
170,eMBB,2.03,382.9,34.5,42.2
171,eMBB,2.32,142.7,27.7,64.2
172,mMTC,1.0,12.5,2.4,6.1
173,mMTC,1.0,19.6,2.6,6.8
174,mMTC,1.0,31.6,2.3,9.7
175,URLLC,1.41,78.0,9.1,14.5
176,mMTC,1.0,29.4,2.2,9.6
177,URLLC,1.57,81.4,8.3,13.4
178,mMTC,1.0,18.7,1.1,9.2
179,eMBB,2.47,178.4,47.8,56.3
180,mMTC,1.0,12.9,1.2,14.2
181,mMTC,1.0,22.5,1.5,7.1
182,mMTC,1.0,18.0,2.1,6.2
183,mMTC,1.0,9.1,2.7,8.6
184,eMBB,2.37,167.6,18.0,81.6
185,mMTC,1.0,11.0,1.6,13.3
186,mMTC,1.0,10.5,2.2,8.1
187,URLLC,1.35,50.0,4.8,24.8
188,mMTC,1.0,16.1,2.9,7.8
189,eMBB,2.56,469.6,43.7,110.0
190,URLLC,1.47,116.9,6.3,12.1
191,mMTC,1.0,15.6,2.8,14.2
192,eMBB,3.41,167.4,10.9,61.7
193,mMTC,1.0,10.2,1.2,9.8
194,mMTC,1.0,16.3,2.7,13.6
195,eMBB,3.36,311.3,43.5,62.3
196,mMTC,1.0,19.1,1.0,12.3
197,URLLC,1.09,111.4,4.8,21.8
198,eMBB,3.56,410.7,17.9,77.9
199,eMBB,3.27,167.9,23.3,80.2
200,mMTC,1.0,14.5,1.7,7.5
201,mMTC,1.0,16.3,1.9,10.7
202,eMBB,2.4,245.0,38.9,69.9
203,mMTC,1.0,9.2,2.6,12.8
204,mMTC,1.0,27.1,2.8,14.8
205,mMTC,1.0,21.9,2.1,7.8
206,URLLC,1.45,112.3,5.2,12.4
207,eMBB,3.47,302.1,36.2,70.0
208,mMTC,1.0,30.0,2.6,6.4
209,mMTC,1.0,30.7,1.2,12.4
210,eMBB,2.29,340.6,31.6,95.4
211,mMTC,1.0,21.0,1.2,5.0
212,eMBB,3.06,350.3,10.1,73.0
213,eMBB,3.23,430.5,10.1,65.7
214,URLLC,1.14,117.5,4.9,7.1
215,eMBB,3.52,482.0,18.2,52.8
216,eMBB,3.47,479.3,36.0,58.8
217,mMTC,1.0,24.4,2.6,13.1
218,mMTC,1.0,27.8,2.1,5.4
219,URLLC,1.28,67.3,5.6,10.2
220,eMBB,2.61,252.1,43.5,74.2
221,eMBB,2.9,267.2,23.8,45.5
222,mMTC,1.0,16.8,1.8,7.0
223,mMTC,1.0,29.5,1.3,10.2
224,eMBB,3.23,242.1,30.5,90.7
225,eMBB,3.28,261.9,15.0,95.7
226,mMTC,1.0,25.3,1.1,8.3
227,mMTC,1.0,15.0,2.6,12.0
228,mMTC,1.0,16.2,1.4,9.0
229,mMTC,1.0,9.1,1.2,10.0
230,URLLC,1.69,32.7,4.6,7.5
231,eMBB,3.08,355.8,45.4,82.1
232,mMTC,1.0,20.5,2.7,9.5
233,mMTC,1.0,14.7,1.5,12.2
234,eMBB,2.92,207.9,40.6,73.3
235,eMBB,3.97,230.5,40.9,117.1
236,eMBB,2.3,180.6,34.5,43.8
237,mMTC,1.0,23.4,1.8,12.4
238,eMBB,3.09,381.5,30.6,69.5
239,eMBB,2.08,267.2,35.4,104.4
240,mMTC,1.0,22.1,1.5,5.4
241,mMTC,1.0,20.2,1.8,13.9
242,mMTC,1.0,29.4,2.3,5.2
243,eMBB,3.13,345.4,32.9,117.2
244,URLLC,1.94,95.6,4.3,15.0
245,URLLC,1.6,64.1,6.6,18.6
246,eMBB,2.95,410.8,24.1,53.7
247,URLLC,1.79,34.8,7.8,12.0
248,URLLC,1.71,41.0,8.8,20.1
249,eMBB,2.6,257.8,30.4,99.0
250,mMTC,1.0,23.6,2.4,15.0
251,URLLC,1.98,108.1,9.8,20.6
252,URLLC,1.59,88.3,5.7,16.7
253,mMTC,1.0,13.2,1.3,9.1
254,mMTC,1.0,10.8,1.9,9.2
255,mMTC,1.0,21.1,2.2,10.6
256,eMBB,2.55,403.7,20.7,42.8
257,mMTC,1.0,31.6,1.4,7.7
258,mMTC,1.0,29.1,2.2,12.3
259,mMTC,1.0,30.9,1.5,10.7
260,mMTC,1.0,30.1,1.6,11.3
261,mMTC,1.0,22.3,1.6,7.6
262,eMBB,3.65,129.1,40.7,109.1
263,mMTC,1.0,16.8,1.9,6.9
264,mMTC,1.0,28.7,1.7,13.3
265,eMBB,2.99,148.7,16.3,80.5
266,mMTC,1.0,15.2,1.4,6.7
267,URLLC,1.18,98.9,9.8,15.3
268,mMTC,1.0,26.8,3.0,11.0
269,mMTC,1.0,12.2,1.1,10.3
270,URLLC,1.52,73.5,6.0,20.4
271,mMTC,1.0,15.8,1.2,11.0
272,mMTC,1.0,24.3,1.8,5.1
273,mMTC,1.0,17.4,2.7,6.7
274,eMBB,3.76,368.1,13.0,109.9
275,mMTC,1.0,13.9,1.5,10.3
276,URLLC,1.6,63.4,8.2,18.1
277,URLLC,1.03,43.2,7.4,19.4
278,eMBB,2.95,241.5,10.4,94.2
279,eMBB,2.64,382.2,29.5,44.8
280,mMTC,1.0,30.1,2.9,9.0
281,URLLC,1.8,32.8,3.9,5.8
282,URLLC,1.41,35.6,9.9,10.1
283,mMTC,1.0,29.1,1.6,7.6
284,mMTC,1.0,17.5,1.4,7.7
285,mMTC,1.0,28.3,1.6,12.8
286,mMTC,1.0,28.4,2.3,9.1
287,mMTC,1.0,14.3,1.4,13.9
288,mMTC,1.0,14.5,2.1,8.4
289,mMTC,1.0,23.0,2.9,11.8
290,eMBB,2.89,179.4,23.3,77.7
291,eMBB,2.94,408.4,38.1,44.7
292,mMTC,1.0,12.7,1.3,14.7
293,eMBB,3.11,359.9,28.2,100.1
294,mMTC,1.0,19.6,2.2,11.4
295,eMBB,3.09,162.1,20.6,96.1
296,URLLC,1.17,81.3,5.0,22.1
297,URLLC,1.2,121.7,7.2,18.3
298,mMTC,1.0,23.6,1.3,11.6
299,mMTC,1.0,12.0,1.8,8.5
300,mMTC,1.0,31.8,2.4,8.4
301,eMBB,3.55,169.3,48.2,91.4
302,URLLC,1.05,112.5,9.8,11.5
303,mMTC,1.0,28.8,2.5,10.1
304,URLLC,1.48,100.7,7.5,24.0
305,eMBB,2.43,473.7,13.1,73.5
306,mMTC,1.0,12.9,2.7,11.8
307,eMBB,2.74,181.4,16.8,61.0
308,eMBB,2.12,234.9,12.7,84.6
309,URLLC,1.39,127.1,4.1,6.6
310,URLLC,1.03,70.0,8.2,23.4
311,mMTC,1.0,20.0,1.2,7.7
312,mMTC,1.0,16.5,1.1,8.2
313,mMTC,1.0,29.0,1.2,8.7
314,mMTC,1.0,31.7,2.3,12.8
315,URLLC,1.32,44.5,9.9,6.7
316,eMBB,3.08,186.7,20.5,95.4
317,mMTC,1.0,19.0,2.5,9.1
318,URLLC,1.21,56.0,5.5,18.5
319,URLLC,1.66,41.0,9.5,24.8
320,mMTC,1.0,25.7,1.2,13.1
321,mMTC,1.0,26.3,1.9,6.4
322,eMBB,2.49,406.8,49.8,52.5
323,mMTC,1.0,29.5,1.4,8.9
324,mMTC,1.0,15.5,2.3,13.0
325,mMTC,1.0,14.8,2.6,6.2
326,eMBB,2.0,389.6,30.0,103.9
327,eMBB,3.35,364.3,48.3,67.6
328,mMTC,1.0,28.9,2.2,7.5
329,mMTC,1.0,10.2,1.6,13.6
330,eMBB,2.6,282.5,26.4,78.1
331,mMTC,1.0,28.6,1.2,13.5
332,eMBB,2.08,492.6,35.4,57.0
333,mMTC,1.0,27.7,2.8,8.7
334,mMTC,1.0,28.9,1.3,10.4
335,eMBB,2.87,278.6,37.0,93.5
336,mMTC,1.0,9.7,1.2,5.8
337,eMBB,2.13,138.1,27.1,102.2
338,mMTC,1.0,27.5,2.2,13.2
339,mMTC,1.0,16.5,1.5,13.2
340,mMTC,1.0,11.9,1.4,10.1
341,mMTC,1.0,26.5,1.3,5.1
342,URLLC,1.25,98.2,7.1,14.0
343,mMTC,1.0,25.5,2.6,11.0
344,mMTC,1.0,26.0,2.9,5.2
345,mMTC,1.0,8.7,2.6,12.0
346,mMTC,1.0,21.7,2.5,13.9
347,eMBB,3.46,230.8,35.6,73.1
348,URLLC,1.7,61.1,10.0,22.7
349,mMTC,1.0,11.8,2.8,6.1
350,URLLC,1.25,117.2,8.0,15.5
351,mMTC,1.0,13.6,2.6,8.2
352,URLLC,1.51,99.1,7.4,18.8
353,eMBB,3.21,456.3,37.5,59.3
354,URLLC,1.7,53.8,9.5,14.5
355,mMTC,1.0,31.4,1.4,10.2
356,eMBB,2.99,505.9,27.5,65.9
357,eMBB,3.55,152.3,24.7,85.7
358,eMBB,2.21,447.1,22.8,85.8
359,mMTC,1.0,21.1,1.9,9.6
360,mMTC,1.0,17.8,3.0,12.3
361,URLLC,1.56,67.5,7.7,11.4
362,mMTC,1.0,30.7,1.7,10.1
363,mMTC,1.0,26.3,2.2,6.1
364,mMTC,1.0,19.0,1.0,9.3
365,eMBB,3.9,452.6,47.6,77.7
366,mMTC,1.0,23.4,1.9,7.9
367,URLLC,1.01,118.1,2.1,11.4
368,mMTC,1.0,25.6,1.9,10.6
369,eMBB,3.57,349.7,36.5,116.2
370,eMBB,3.64,149.2,13.1,114.1
371,URLLC,1.16,105.5,7.5,20.3
372,mMTC,1.0,27.0,1.9,10.9
373,eMBB,2.75,168.8,33.4,94.5
374,mMTC,1.0,31.0,2.5,13.4
375,URLLC,1.28,47.1,4.6,6.5
376,mMTC,1.0,10.6,1.5,10.5
377,eMBB,3.11,384.2,12.7,101.5
378,eMBB,3.42,315.2,12.2,109.0
379,mMTC,1.0,20.1,2.2,13.4
380,URLLC,1.73,118.6,4.3,12.6
381,mMTC,1.0,12.7,2.0,11.6
382,eMBB,2.58,281.8,40.3,54.2
383,URLLC,1.08,124.8,5.9,16.3
384,eMBB,2.16,153.0,20.4,105.1
385,eMBB,3.62,255.4,29.5,104.1
386,eMBB,3.09,406.5,43.1,111.3
387,mMTC,1.0,22.0,2.3,6.8
388,mMTC,1.0,31.1,1.5,10.0
389,URLLC,1.5,49.0,9.7,17.9
390,mMTC,1.0,22.6,1.0,6.0
391,eMBB,2.69,414.5,49.2,71.4
392,mMTC,1.0,15.8,2.0,6.7
393,eMBB,3.35,439.3,23.1,94.8
394,mMTC,1.0,17.5,2.1,14.5
395,mMTC,1.0,8.7,2.2,9.6
396,eMBB,3.13,180.6,13.6,48.8
397,mMTC,1.0,31.2,2.7,13.6
398,mMTC,1.0,27.6,2.8,14.5
399,mMTC,1.0,17.6,1.4,9.6
400,eMBB,3.04,176.1,14.3,82.0
401,eMBB,2.2,333.8,35.6,52.6
402,eMBB,3.98,471.7,15.9,118.2
403,URLLC,1.21,95.9,7.7,10.3
404,URLLC,1.1,33.1,6.4,10.1
405,mMTC,1.0,21.0,2.9,13.0
406,eMBB,3.08,431.2,37.3,104.6
407,mMTC,1.0,8.4,2.0,11.1
408,URLLC,1.36,83.4,6.5,18.9
409,mMTC,1.0,9.6,2.3,12.2
410,eMBB,3.61,247.2,13.1,102.3
411,mMTC,1.0,25.9,2.5,12.8
412,mMTC,1.0,11.4,2.9,7.1
413,mMTC,1.0,31.4,2.5,12.1
414,eMBB,3.47,243.8,18.4,109.3
415,URLLC,1.63,34.2,8.6,22.8
416,mMTC,1.0,25.7,1.4,10.5
417,mMTC,1.0,26.0,1.9,8.6
418,URLLC,1.13,84.4,8.6,21.9
419,mMTC,1.0,22.2,2.4,8.6
420,URLLC,1.51,58.0,3.4,9.6
421,eMBB,2.2,262.7,28.6,115.7
422,mMTC,1.0,30.5,1.7,10.8
423,mMTC,1.0,10.0,1.2,8.2
424,eMBB,2.93,203.8,39.1,47.1
425,eMBB,3.12,491.2,29.3,44.5
426,eMBB,2.74,405.6,29.7,109.3
427,URLLC,1.33,115.9,8.5,5.0
428,mMTC,1.0,26.3,1.1,14.5
429,mMTC,1.0,9.4,1.9,9.8
430,mMTC,1.0,16.9,2.8,9.7
431,URLLC,1.86,118.7,2.6,12.0
432,URLLC,1.42,95.5,2.9,16.8
433,mMTC,1.0,15.3,1.7,11.2
434,URLLC,1.09,107.5,2.0,23.5
435,URLLC,1.4,127.7,8.6,7.8
436,mMTC,1.0,8.1,2.6,12.8
437,eMBB,3.91,476.5,25.1,112.2
438,eMBB,3.89,269.8,45.9,59.4
439,eMBB,2.31,451.6,39.2,116.5
440,mMTC,1.0,25.2,1.2,10.4
441,eMBB,3.42,308.0,11.5,57.6
442,mMTC,1.0,30.4,1.6,13.5
443,eMBB,2.26,341.0,14.8,95.1
444,eMBB,3.95,258.8,41.4,51.1
445,URLLC,1.22,115.6,5.2,19.0
446,mMTC,1.0,15.0,2.9,6.8
447,eMBB,2.06,438.2,29.3,116.3
448,mMTC,1.0,25.5,2.4,15.0
449,mMTC,1.0,24.9,1.8,9.3
450,mMTC,1.0,31.5,1.8,13.6
451,URLLC,1.98,54.3,8.4,14.7
452,eMBB,3.83,243.4,41.6,80.9
453,mMTC,1.0,14.9,2.2,8.2
454,eMBB,2.86,493.9,31.1,71.7
455,URLLC,1.81,123.8,9.7,9.7
456,mMTC,1.0,25.2,1.0,6.3
457,mMTC,1.0,14.2,1.6,14.4
458,eMBB,3.89,490.7,30.2,65.6
459,URLLC,1.52,82.6,7.7,21.0
460,mMTC,1.0,31.5,1.5,7.9
461,mMTC,1.0,11.2,2.4,11.8
462,mMTC,1.0,21.3,1.5,6.6
463,mMTC,1.0,26.9,2.3,8.4
464,eMBB,2.3,293.0,11.0,55.5
465,URLLC,1.4,84.2,9.5,6.4
466,eMBB,2.17,263.2,43.1,96.9
467,mMTC,1.0,31.9,1.5,10.6
468,URLLC,1.71,58.6,8.1,12.2
469,eMBB,2.1,347.0,33.0,110.4
470,eMBB,3.54,484.0,48.4,61.1
471,mMTC,1.0,18.2,1.8,13.1
472,URLLC,1.89,48.0,7.4,19.3
473,mMTC,1.0,25.6,1.6,14.8
474,eMBB,3.08,362.5,34.9,75.6
475,mMTC,1.0,15.8,1.5,8.0
476,mMTC,1.0,16.3,1.6,11.6
477,mMTC,1.0,14.7,1.7,5.9
478,eMBB,3.43,357.9,20.3,109.9
479,mMTC,1.0,20.1,2.9,9.0
480,eMBB,3.22,180.5,42.2,84.0
481,eMBB,3.94,276.1,23.8,81.9
482,URLLC,1.61,71.7,4.7,12.0
483,eMBB,2.55,418.3,30.5,64.1
484,URLLC,1.74,40.2,4.7,6.8
485,mMTC,1.0,31.3,2.8,10.5
486,URLLC,1.75,123.8,6.6,14.9
487,eMBB,2.7,197.4,29.6,49.6
488,mMTC,1.0,27.3,2.0,11.8
489,URLLC,1.31,70.9,9.0,7.4
490,mMTC,1.0,21.0,1.4,13.7
491,mMTC,1.0,29.0,2.8,11.8
492,mMTC,1.0,22.3,1.6,14.4
493,mMTC,1.0,10.4,1.0,8.3
494,mMTC,1.0,19.7,2.9,14.8
495,mMTC,1.0,17.6,2.5,12.5
496,mMTC,1.0,29.3,1.4,14.3
497,eMBB,3.82,135.5,40.1,52.1
498,URLLC,1.93,56.4,4.0,24.0
499,URLLC,1.41,60.5,3.7,24.4
500,mMTC,1.0,15.6,2.2,13.6
501,eMBB,2.34,229.8,18.0,47.4
502,mMTC,1.0,19.3,2.9,7.7
503,eMBB,2.25,205.4,47.2,76.1
504,URLLC,1.42,32.8,3.5,21.3
505,eMBB,3.82,344.4,45.2,62.9
506,eMBB,2.02,181.9,25.1,115.3
507,URLLC,1.7,118.9,3.2,9.8
508,eMBB,3.19,268.2,39.7,101.1
509,mMTC,1.0,10.5,2.1,9.0
510,eMBB,2.33,420.7,12.9,64.8
511,eMBB,3.02,262.0,12.4,79.3
512,mMTC,1.0,23.6,1.9,13.4
513,eMBB,2.1,276.6,39.6,72.6
514,mMTC,1.0,19.0,2.1,10.1
515,mMTC,1.0,20.9,1.9,13.7
516,eMBB,3.91,158.0,43.6,105.7
517,mMTC,1.0,25.9,2.6,11.8
518,mMTC,1.0,25.5,1.6,5.6
519,URLLC,1.8,65.4,4.7,5.2
520,mMTC,1.0,11.3,2.0,13.2
521,mMTC,1.0,13.3,1.3,11.7
522,mMTC,1.0,18.4,1.1,12.8
523,mMTC,1.0,26.4,1.4,11.7
524,eMBB,3.98,272.3,43.2,51.7
525,mMTC,1.0,21.7,2.8,5.5
526,mMTC,1.0,19.1,2.1,8.5
527,mMTC,1.0,9.0,2.8,8.4
528,eMBB,2.36,407.1,28.7,107.3
529,mMTC,1.0,10.2,1.8,13.1
530,mMTC,1.0,10.4,2.5,9.5
531,mMTC,1.0,12.9,1.3,9.7
532,URLLC,1.83,127.0,3.0,24.8
533,mMTC,1.0,24.2,2.2,12.0
534,mMTC,1.0,18.2,1.1,14.9
535,URLLC,1.03,100.9,4.2,20.2
536,mMTC,1.0,13.6,2.3,13.1
537,URLLC,1.55,33.3,10.0,21.6
538,mMTC,1.0,19.9,2.1,9.8
539,mMTC,1.0,8.8,1.8,11.9
540,mMTC,1.0,8.6,2.8,6.1
541,mMTC,1.0,24.6,1.9,11.5
542,mMTC,1.0,31.0,1.1,5.0
543,URLLC,1.07,93.2,6.7,16.7
544,mMTC,1.0,14.0,2.8,10.2
545,mMTC,1.0,20.6,2.8,6.9
546,URLLC,1.75,100.1,5.8,5.2
547,eMBB,2.2,365.2,32.5,81.1
548,mMTC,1.0,10.8,2.7,13.5
549,mMTC,1.0,26.5,1.9,5.7
550,mMTC,1.0,15.8,1.1,6.4
551,URLLC,1.19,77.2,4.4,17.5
552,eMBB,2.19,186.5,49.7,93.2
553,mMTC,1.0,21.7,2.9,13.6
554,mMTC,1.0,25.3,1.7,8.1
555,mMTC,1.0,24.6,2.8,7.8
556,mMTC,1.0,16.5,2.5,10.9
557,eMBB,2.47,248.0,34.1,112.0
558,mMTC,1.0,17.0,1.4,9.4
559,mMTC,1.0,12.2,2.4,5.9
560,mMTC,1.0,15.1,2.5,9.9
561,eMBB,3.84,200.4,10.7,69.4
562,eMBB,2.71,318.9,29.2,83.8
563,mMTC,1.0,24.2,1.9,10.1
564,eMBB,3.9,504.2,41.1,49.8
565,eMBB,2.69,270.6,35.6,51.3
566,mMTC,1.0,26.6,1.4,11.5
567,mMTC,1.0,17.5,1.7,8.5
568,mMTC,1.0,14.4,1.7,6.5
569,mMTC,1.0,9.9,3.0,8.5
570,mMTC,1.0,30.6,2.1,9.2
571,mMTC,1.0,16.0,1.3,13.5
572,mMTC,1.0,20.9,2.8,14.6
573,mMTC,1.0,27.6,1.2,10.9
574,eMBB,3.06,354.7,48.1,95.0
575,eMBB,2.9,244.1,32.8,91.7
576,mMTC,1.0,17.7,2.5,6.7
577,URLLC,1.32,119.6,2.3,21.5
578,URLLC,1.68,47.7,6.3,12.8
579,mMTC,1.0,10.4,1.5,7.9
580,mMTC,1.0,11.5,2.3,9.4
581,URLLC,1.99,95.4,4.5,15.7
582,URLLC,1.14,83.7,4.9,17.0
583,mMTC,1.0,16.9,1.0,8.3
584,eMBB,2.42,456.2,10.7,44.1
585,mMTC,1.0,22.0,2.1,9.6
586,URLLC,2.0,39.4,7.5,17.1
587,mMTC,1.0,8.3,1.5,8.8
588,eMBB,3.15,356.8,22.9,77.3
589,eMBB,3.73,303.4,38.2,63.7
590,eMBB,2.19,473.6,13.1,82.9
591,mMTC,1.0,22.8,2.6,8.7
592,mMTC,1.0,23.2,1.9,12.7
593,eMBB,2.86,193.7,13.1,109.1
594,URLLC,1.39,124.1,9.8,6.6
595,URLLC,1.88,65.5,4.5,5.2
596,mMTC,1.0,9.4,2.0,13.4
597,eMBB,2.36,498.7,24.7,42.7
598,mMTC,1.0,26.7,1.5,9.8
599,URLLC,1.1,76.8,9.0,13.8
600,mMTC,1.0,19.3,2.6,6.4
601,mMTC,1.0,25.0,1.9,8.3
602,mMTC,1.0,15.3,1.6,9.0
603,eMBB,3.56,274.5,35.2,117.4
604,mMTC,1.0,11.6,2.6,14.4
605,mMTC,1.0,23.8,2.8,14.1
606,mMTC,1.0,30.6,2.7,14.6
607,eMBB,3.34,342.2,16.9,46.1
608,mMTC,1.0,25.1,2.3,5.6
609,mMTC,1.0,22.9,1.1,5.0
610,mMTC,1.0,18.7,2.8,5.5
611,URLLC,1.9,114.3,5.6,7.3
612,mMTC,1.0,26.1,2.3,14.8
613,mMTC,1.0,17.4,2.8,13.8
614,mMTC,1.0,25.0,1.3,8.9
615,mMTC,1.0,29.8,2.7,14.1
616,eMBB,2.46,344.1,17.6,91.6
617,mMTC,1.0,12.2,1.4,5.9
618,eMBB,3.95,448.0,45.9,91.6
619,URLLC,1.8,64.0,8.2,10.2
620,mMTC,1.0,27.7,1.6,6.9
621,mMTC,1.0,25.9,2.8,11.2
622,mMTC,1.0,27.9,2.8,7.7
623,eMBB,2.35,495.6,18.9,59.8
624,mMTC,1.0,12.0,1.3,5.7
625,mMTC,1.0,11.5,1.0,11.5
626,eMBB,2.87,232.6,25.1,87.7
627,mMTC,1.0,30.4,1.1,10.5
628,mMTC,1.0,16.9,2.6,8.4
629,eMBB,3.8,283.5,38.3,53.8
630,eMBB,3.95,381.8,13.8,101.3
631,mMTC,1.0,26.2,1.6,10.8
632,mMTC,1.0,13.3,2.4,12.6
633,mMTC,1.0,23.0,2.6,10.8
634,mMTC,1.0,18.3,1.2,10.9
635,mMTC,1.0,29.0,1.1,10.2
636,mMTC,1.0,15.4,1.3,10.7
637,mMTC,1.0,21.7,2.0,11.0
638,URLLC,1.1,60.4,3.7,17.6
639,eMBB,3.6,316.4,16.4,47.6
640,mMTC,1.0,31.1,2.2,14.7
641,eMBB,2.71,211.4,18.6,79.3
642,eMBB,2.42,380.4,42.2,99.9
643,URLLC,1.27,46.6,6.3,17.9
644,eMBB,3.21,387.8,21.8,62.1
645,mMTC,1.0,20.8,2.3,11.1
646,mMTC,1.0,17.9,2.6,12.8
647,eMBB,3.3,195.7,28.0,79.7
648,mMTC,1.0,9.0,2.2,10.3
649,URLLC,1.35,66.4,6.4,17.4
650,mMTC,1.0,20.3,1.3,9.0
651,mMTC,1.0,16.6,1.7,11.4
652,mMTC,1.0,19.9,2.0,8.3
653,eMBB,2.51,386.2,17.3,94.5
654,mMTC,1.0,29.3,1.5,12.7
655,eMBB,2.53,501.6,40.9,44.8
656,mMTC,1.0,23.5,1.6,12.4
657,mMTC,1.0,10.5,1.6,13.0
658,mMTC,1.0,17.8,2.5,11.7
659,mMTC,1.0,25.6,2.7,6.1
660,mMTC,1.0,23.8,2.2,7.7
661,mMTC,1.0,27.8,2.7,12.9
662,mMTC,1.0,12.7,2.1,8.2
663,eMBB,2.47,143.1,31.4,91.5
664,mMTC,1.0,13.1,2.0,10.2
665,URLLC,1.49,64.7,4.7,20.2
666,eMBB,2.55,461.1,27.7,42.7
667,mMTC,1.0,18.0,1.2,9.4
668,mMTC,1.0,12.0,2.6,7.0
669,eMBB,3.39,369.4,24.5,52.3
670,mMTC,1.0,16.9,2.6,6.5
671,mMTC,1.0,27.0,2.2,6.3
672,mMTC,1.0,18.8,2.5,14.6
673,mMTC,1.0,23.1,2.3,11.0
674,eMBB,3.01,432.1,22.0,40.1
675,URLLC,1.55,71.7,4.4,15.7
676,eMBB,3.88,420.8,15.5,94.1
677,eMBB,2.39,389.5,14.6,45.3
678,URLLC,1.43,89.4,2.4,20.8
679,URLLC,1.63,60.7,5.5,23.6
680,eMBB,3.62,158.8,24.7,86.4
681,eMBB,3.81,237.6,44.7,75.7
682,mMTC,1.0,27.9,1.4,7.5
683,mMTC,1.0,32.0,2.9,9.0
684,mMTC,1.0,17.8,1.7,10.8
685,mMTC,1.0,11.7,1.8,8.4
686,mMTC,1.0,26.4,2.6,12.7
687,eMBB,2.98,130.9,11.5,47.8
688,mMTC,1.0,8.7,2.3,8.2
689,mMTC,1.0,20.6,2.8,13.9
690,URLLC,1.48,36.4,5.7,15.7
691,mMTC,1.0,17.4,2.7,14.5
692,mMTC,1.0,31.5,3.0,8.2
693,eMBB,2.42,240.0,47.6,98.2
694,mMTC,1.0,11.7,2.1,12.0
695,mMTC,1.0,26.8,2.6,13.4
696,mMTC,1.0,31.8,1.3,9.3
697,mMTC,1.0,18.0,2.7,11.1
698,mMTC,1.0,21.0,2.5,10.8
699,mMTC,1.0,10.4,1.3,10.1
700,eMBB,2.55,334.4,34.8,50.8
701,URLLC,1.28,119.9,7.5,12.8
702,mMTC,1.0,31.3,1.8,5.7
703,eMBB,2.02,312.6,46.1,99.4
704,eMBB,3.15,173.8,49.7,69.9
705,eMBB,2.68,353.9,26.7,86.6
706,eMBB,2.66,338.0,13.5,72.2
707,mMTC,1.0,30.3,2.0,8.9
708,mMTC,1.0,14.4,2.5,13.8
709,eMBB,2.18,304.6,14.7,95.1
710,URLLC,1.12,54.0,7.9,14.5
711,mMTC,1.0,24.5,2.9,11.1
712,URLLC,1.56,61.9,5.9,21.9
713,mMTC,1.0,8.6,3.0,8.5
714,URLLC,1.24,78.6,3.2,12.2
715,mMTC,1.0,25.3,2.3,6.1
716,mMTC,1.0,22.7,1.2,12.5
717,mMTC,1.0,25.6,2.2,7.0
718,mMTC,1.0,20.3,3.0,11.8
719,URLLC,1.16,85.1,5.1,24.4
720,mMTC,1.0,24.6,2.9,15.0
721,mMTC,1.0,9.7,2.1,5.6
722,mMTC,1.0,14.6,1.2,11.5
723,mMTC,1.0,17.4,2.3,7.9
724,mMTC,1.0,25.9,1.6,7.7
725,mMTC,1.0,24.7,2.5,12.1
726,mMTC,1.0,30.8,2.6,13.5
727,mMTC,1.0,29.7,2.4,11.2
728,mMTC,1.0,14.9,2.3,14.2
729,mMTC,1.0,17.7,2.6,14.7
730,mMTC,1.0,13.1,2.7,10.0
731,mMTC,1.0,22.7,1.3,7.2
732,mMTC,1.0,14.2,1.3,9.2
733,URLLC,1.55,48.2,2.8,7.3
734,URLLC,1.07,125.0,4.5,9.0
735,eMBB,2.5,156.6,41.6,63.0
736,eMBB,3.36,273.7,31.9,63.1
737,mMTC,1.0,17.4,2.5,12.7
738,mMTC,1.0,21.9,2.1,9.0
739,eMBB,2.15,229.3,36.3,45.6
740,mMTC,1.0,15.5,1.4,5.5
741,eMBB,2.82,162.3,13.8,60.2
742,mMTC,1.0,11.7,1.6,11.3
743,URLLC,1.29,93.7,7.4,5.5
744,mMTC,1.0,12.0,3.0,8.1
745,mMTC,1.0,15.5,1.2,8.4
746,mMTC,1.0,18.0,1.8,13.6
747,URLLC,1.28,95.7,3.6,21.0
748,mMTC,1.0,23.2,1.4,6.0
749,mMTC,1.0,21.9,2.9,7.2
750,mMTC,1.0,22.4,1.3,5.0
751,URLLC,1.19,97.5,3.7,23.7
752,mMTC,1.0,13.7,2.9,13.1
753,eMBB,3.84,165.4,34.1,88.6
754,URLLC,1.28,112.8,3.3,17.5
755,URLLC,1.92,49.0,5.9,12.9
756,mMTC,1.0,20.0,1.7,8.5
757,mMTC,1.0,27.8,1.9,9.8
758,mMTC,1.0,24.6,1.4,8.0
759,mMTC,1.0,30.0,2.4,7.5
760,mMTC,1.0,16.4,1.2,5.6
761,mMTC,1.0,31.8,1.7,5.2
762,mMTC,1.0,13.8,1.6,13.8
763,mMTC,1.0,12.0,2.8,9.2
764,mMTC,1.0,12.0,2.4,8.0
765,mMTC,1.0,28.2,1.8,12.9
766,eMBB,3.09,277.7,31.5,75.8
767,mMTC,1.0,28.4,1.9,10.9
768,URLLC,1.24,113.3,5.8,8.4
769,mMTC,1.0,23.9,1.4,7.9
770,mMTC,1.0,20.4,1.8,12.9
771,mMTC,1.0,23.1,2.3,9.3
772,mMTC,1.0,8.5,1.9,11.4
773,eMBB,2.08,155.4,48.3,91.3
774,eMBB,2.08,135.0,18.8,70.3
775,mMTC,1.0,27.1,1.2,14.4
776,mMTC,1.0,14.5,1.3,9.1
777,mMTC,1.0,24.5,1.5,13.8
778,mMTC,1.0,26.8,1.5,13.0
779,mMTC,1.0,10.8,1.4,10.9
780,mMTC,1.0,21.4,1.7,6.8
781,mMTC,1.0,16.9,2.7,12.0
782,mMTC,1.0,11.7,1.0,6.8
783,mMTC,1.0,31.2,2.0,13.8
784,eMBB,3.62,163.3,41.1,64.1
785,mMTC,1.0,10.9,1.4,11.2
786,mMTC,1.0,15.4,1.2,14.8
787,mMTC,1.0,31.1,2.8,6.0
788,URLLC,1.17,124.9,9.0,7.6
789,mMTC,1.0,25.7,1.8,9.0
790,URLLC,1.79,102.7,4.3,18.4
791,eMBB,3.9,301.8,27.4,53.5
792,eMBB,2.43,179.9,30.9,104.2
793,eMBB,2.36,142.3,19.3,104.2
794,mMTC,1.0,27.8,2.0,14.1
795,mMTC,1.0,31.7,1.8,11.6
796,eMBB,2.4,155.2,26.9,46.5
797,mMTC,1.0,14.1,1.2,7.5
798,eMBB,3.35,128.1,43.4,94.9
799,eMBB,2.73,366.7,21.9,42.4
800,mMTC,1.0,16.4,2.8,14.5
801,mMTC,1.0,18.5,2.1,11.5
802,mMTC,1.0,8.5,2.2,10.5
803,eMBB,3.78,508.7,45.6,63.2
804,URLLC,1.62,121.8,6.2,12.0
805,eMBB,2.69,425.2,18.4,100.0
806,mMTC,1.0,21.1,2.0,5.6
807,mMTC,1.0,27.1,2.6,6.5
808,mMTC,1.0,30.6,1.2,5.7
809,mMTC,1.0,31.0,2.1,13.3
810,eMBB,3.44,325.8,18.0,92.8
811,mMTC,1.0,10.3,2.5,5.8
812,mMTC,1.0,12.8,1.5,14.3
813,eMBB,2.87,458.2,22.3,100.0
814,URLLC,1.78,63.0,5.5,8.6
815,URLLC,1.72,84.1,8.1,9.1
816,mMTC,1.0,22.8,1.5,10.1
817,mMTC,1.0,8.9,2.0,11.2
818,eMBB,2.84,439.9,46.5,44.6
819,mMTC,1.0,29.1,1.9,6.1
820,eMBB,2.69,445.1,10.2,106.1
821,mMTC,1.0,19.2,1.8,10.9
822,URLLC,1.62,96.6,3.4,21.3
823,mMTC,1.0,21.9,1.5,7.2
824,URLLC,1.94,43.7,5.8,12.2
825,mMTC,1.0,31.1,2.8,6.4
826,eMBB,3.28,283.1,37.9,56.2
827,mMTC,1.0,23.0,2.5,8.9
828,mMTC,1.0,20.6,1.2,12.8
829,eMBB,2.94,501.2,29.8,70.9
830,mMTC,1.0,20.5,1.5,5.2
831,eMBB,2.24,502.3,41.0,50.5
832,eMBB,2.48,340.4,32.6,55.2
833,eMBB,2.11,479.5,22.2,85.4
834,URLLC,1.06,42.0,6.5,18.5
835,URLLC,1.63,126.0,4.6,17.1
836,mMTC,1.0,19.6,1.6,10.1
837,URLLC,1.45,84.4,4.3,21.6
838,mMTC,1.0,13.6,3.0,10.0
839,mMTC,1.0,18.9,3.0,14.5
840,mMTC,1.0,25.3,2.0,5.2
841,eMBB,2.75,191.9,37.0,108.3
842,URLLC,1.65,39.3,6.0,13.7
843,URLLC,1.83,127.2,6.0,24.8
844,mMTC,1.0,21.4,1.4,14.9
845,mMTC,1.0,22.2,2.0,7.7
846,eMBB,2.19,471.7,15.4,110.2
847,eMBB,3.88,483.8,42.7,92.8
848,mMTC,1.0,8.6,1.3,5.8
849,URLLC,1.89,126.2,2.1,14.3
850,mMTC,1.0,30.9,1.7,6.0
851,mMTC,1.0,17.1,2.2,10.2
852,eMBB,3.82,492.5,12.6,108.4
853,eMBB,3.44,395.0,47.0,56.7
854,eMBB,2.17,141.7,47.4,41.3
855,mMTC,1.0,27.2,2.7,13.6
856,mMTC,1.0,25.9,2.0,12.9
857,mMTC,1.0,9.6,2.9,11.0
858,eMBB,2.68,149.0,22.1,51.5
859,eMBB,2.4,199.6,21.1,103.2
860,mMTC,1.0,30.7,1.7,13.5
861,mMTC,1.0,25.3,1.4,10.2
862,URLLC,1.86,124.0,6.9,16.3
863,mMTC,1.0,30.7,2.9,8.7
864,mMTC,1.0,18.8,1.3,11.2
865,URLLC,1.65,104.4,7.4,16.7
866,mMTC,1.0,25.5,2.2,10.8
867,URLLC,1.58,90.5,3.4,16.4
868,URLLC,1.51,87.4,5.8,19.8
869,mMTC,1.0,8.6,1.0,9.3
870,mMTC,1.0,17.8,1.3,7.4
871,mMTC,1.0,13.5,1.6,6.4
872,mMTC,1.0,20.8,2.8,5.2
873,URLLC,1.4,89.6,7.7,17.9
874,mMTC,1.0,23.2,2.3,11.9
875,mMTC,1.0,10.8,1.1,11.5
876,URLLC,1.03,94.4,2.1,9.1
877,mMTC,1.0,13.4,1.3,10.4
878,eMBB,3.82,173.8,25.2,40.9
879,eMBB,2.58,411.5,31.6,102.2
880,eMBB,2.7,201.1,10.4,78.4
881,mMTC,1.0,22.3,1.4,11.3
882,mMTC,1.0,29.8,2.8,8.6
883,mMTC,1.0,11.6,2.6,8.8
884,eMBB,2.48,467.2,30.5,119.1
885,eMBB,3.57,201.4,29.0,61.0
886,eMBB,2.54,310.3,37.1,87.4
887,eMBB,3.6,166.0,37.1,54.3
888,mMTC,1.0,29.7,2.7,12.3
889,mMTC,1.0,28.1,2.0,5.6
890,eMBB,2.26,146.5,37.0,67.3
891,mMTC,1.0,25.8,1.8,10.7
892,eMBB,3.6,363.2,15.2,65.3
893,mMTC,1.0,26.8,1.6,7.7
894,mMTC,1.0,8.0,2.4,11.8
895,mMTC,1.0,26.9,2.7,13.9
896,mMTC,1.0,12.8,2.4,8.1
897,mMTC,1.0,11.4,1.6,12.6
898,mMTC,1.0,16.8,1.3,12.4
899,mMTC,1.0,22.6,2.6,12.3
900,mMTC,1.0,16.8,2.8,8.3
901,mMTC,1.0,22.2,1.1,7.2
902,eMBB,3.88,217.3,10.8,54.5
903,eMBB,2.05,449.7,24.8,48.2
904,URLLC,1.97,76.4,6.1,19.9
905,mMTC,1.0,31.5,2.7,14.8
906,URLLC,1.65,99.5,4.1,17.6
907,mMTC,1.0,15.0,2.3,10.0
908,eMBB,2.69,417.4,46.1,69.9
909,mMTC,1.0,31.5,2.2,7.2
910,URLLC,1.96,36.2,7.0,12.7
911,eMBB,2.75,400.1,44.1,75.4
912,mMTC,1.0,11.4,2.8,7.9
913,eMBB,2.26,247.4,40.8,71.3
914,eMBB,2.78,244.8,46.1,113.2
915,eMBB,2.31,471.2,17.2,79.2
916,URLLC,1.9,51.9,7.1,10.5
917,mMTC,1.0,13.6,2.5,5.8
918,mMTC,1.0,20.2,1.3,9.9
919,mMTC,1.0,9.7,1.4,10.4
920,eMBB,3.85,402.4,43.4,116.9
921,eMBB,3.32,399.9,14.9,113.1
922,mMTC,1.0,9.7,2.3,9.8
923,mMTC,1.0,12.5,2.8,6.5
924,mMTC,1.0,22.1,2.4,14.8
925,mMTC,1.0,16.5,1.5,6.4
926,URLLC,1.55,111.9,5.4,16.2
927,eMBB,2.46,135.2,24.3,95.3
928,mMTC,1.0,23.8,1.5,7.6
929,eMBB,2.75,235.4,41.3,104.9
930,eMBB,2.4,292.9,14.0,103.4
931,mMTC,1.0,26.3,2.2,11.9
932,eMBB,3.0,425.4,19.4,103.4
933,mMTC,1.0,22.4,1.8,5.9
934,eMBB,2.46,408.7,19.7,60.0
935,mMTC,1.0,18.0,1.7,12.8
936,eMBB,3.39,304.8,13.9,65.4
937,mMTC,1.0,18.0,1.8,6.2
938,eMBB,2.37,436.6,20.3,70.9
939,eMBB,2.69,144.0,37.3,41.0
940,mMTC,1.0,27.7,2.1,5.3
941,mMTC,1.0,17.3,1.9,14.2
942,mMTC,1.0,25.7,2.4,9.3
943,URLLC,1.67,75.6,6.4,5.4
944,URLLC,1.35,36.0,2.1,10.9
945,eMBB,2.04,323.4,10.2,57.5
946,eMBB,3.92,399.7,34.7,67.9
947,URLLC,1.39,79.1,5.9,18.5
948,mMTC,1.0,14.9,1.4,5.5
949,eMBB,3.73,461.8,19.1,55.5
950,eMBB,3.51,382.9,18.4,77.9
951,URLLC,1.97,123.8,8.0,5.7
952,eMBB,3.49,447.2,17.5,112.3
953,mMTC,1.0,17.3,1.4,8.4
954,eMBB,2.56,452.2,25.0,54.7
955,URLLC,1.23,33.9,8.4,7.5
956,mMTC,1.0,13.4,2.9,13.9
957,mMTC,1.0,27.7,2.5,9.2
958,eMBB,3.22,408.0,40.7,46.4
959,eMBB,3.38,469.9,22.3,50.7
960,mMTC,1.0,14.5,2.3,12.8
961,eMBB,2.65,414.3,37.9,57.4
962,URLLC,1.1,55.7,3.4,8.0
963,URLLC,1.64,70.3,3.2,5.8
964,mMTC,1.0,29.0,1.6,12.3
965,mMTC,1.0,25.6,2.3,7.0
966,mMTC,1.0,31.5,2.4,11.0
967,URLLC,1.5,39.1,2.4,21.5
968,mMTC,1.0,8.8,2.1,12.4
969,eMBB,3.47,141.9,21.5,54.8
970,eMBB,3.64,303.0,15.0,43.9
971,mMTC,1.0,15.2,2.0,6.0
972,mMTC,1.0,15.6,2.3,5.1
973,URLLC,1.61,40.4,7.4,19.1
974,mMTC,1.0,31.4,2.0,12.3
975,eMBB,2.9,325.1,36.3,46.5
976,mMTC,1.0,15.8,1.5,13.2
977,eMBB,2.82,338.8,24.9,99.2
978,eMBB,2.73,371.6,43.3,95.2
979,mMTC,1.0,12.2,2.5,14.9
980,mMTC,1.0,8.8,2.7,5.8
981,mMTC,1.0,16.7,2.4,13.2
982,mMTC,1.0,29.0,1.9,13.8
983,URLLC,1.67,84.0,3.5,7.6
984,eMBB,3.9,153.0,32.9,113.5
985,mMTC,1.0,8.2,1.4,14.8
986,URLLC,1.93,97.2,8.7,11.4
987,mMTC,1.0,26.9,1.4,11.7
988,mMTC,1.0,18.4,2.4,9.0
989,mMTC,1.0,17.9,2.0,10.0
990,eMBB,2.29,308.7,30.2,70.1
991,mMTC,1.0,28.3,2.9,8.5
992,mMTC,1.0,13.5,2.5,7.2
993,mMTC,1.0,18.4,1.6,13.6
994,URLLC,1.04,87.0,3.7,5.8
995,mMTC,1.0,30.8,1.8,7.5
996,mMTC,1.0,18.1,1.9,10.1
997,eMBB,2.0,423.2,24.5,95.8
998,eMBB,3.92,216.7,21.6,97.5
999,eMBB,3.58,410.1,33.1,75.5
