node,service_class,status,latency_ms
edge-2,URLLC,completed,7.35
edge-1,URLLC,completed,8.929
edge-1,URLLC,completed,10.363
edge-2,URLLC,completed,8.555
edge-1,URLLC,completed,23.708
edge-2,URLLC,completed,19.977
edge-2,URLLC,completed,19.155
edge-1,URLLC,completed,18.969
edge-1,URLLC,rejected,2.87
edge-1,URLLC,rejected,1.806
edge-2,URLLC,completed,5.351
edge-1,URLLC,completed,7.097
edge-2,URLLC,completed,9.52
edge-1,URLLC,completed,10.724
edge-1,URLLC,completed,7.978
edge-2,URLLC,rejected,3.578
edge-2,URLLC,rejected,1.802
edge-1,URLLC,rejected,1.698
edge-2,URLLC,completed,13.691
edge-1,URLLC,rejected,2.698
edge-2,URLLC,completed,8.464
edge-2,URLLC,completed,11.651
edge-2,URLLC,completed,18.168
edge-1,URLLC,completed,9.067
edge-2,URLLC,completed,21.101
edge-1,URLLC,completed,12.488
edge-1,URLLC,completed,24.87
edge-2,URLLC,completed,7.616
edge-1,URLLC,completed,20.933
edge-1,URLLC,completed,10.993
edge-1,URLLC,completed,11.35
edge-2,URLLC,rejected,2.047
edge-2,URLLC,completed,20.137
edge-2,URLLC,completed,12.622
edge-1,URLLC,completed,7.053
edge-2,URLLC,completed,23.662
edge-2,URLLC,completed,13.423
edge-1,URLLC,completed,22.348
edge-2,URLLC,completed,23.947
edge-1,URLLC,rejected,2.585
edge-2,URLLC,completed,11.12
edge-1,URLLC,rejected,1.859
edge-2,URLLC,completed,13.941
edge-1,URLLC,rejected,1.723
edge-1,URLLC,completed,17.368
edge-1,URLLC,completed,19.84
edge-1,URLLC,completed,9.906
edge-2,URLLC,completed,9.801
edge-2,URLLC,completed,14.953
edge-1,URLLC,completed,19.839
edge-1,URLLC,completed,7.25
edge-2,URLLC,rejected,2.106
edge-2,URLLC,rejected,1.81
edge-2,URLLC,completed,20.912
edge-1,URLLC,completed,20.724
edge-2,URLLC,completed,12.29
edge-2,URLLC,completed,8.421
edge-1,URLLC,rejected,2.347
edge-2,URLLC,completed,24.817
edge-1,URLLC,rejected,12.486
edge-1,URLLC,completed,13.64
edge-2,URLLC,completed,8.553
edge-1,URLLC,completed,9.634
edge-1,URLLC,completed,23.22
edge-2,URLLC,rejected,2.191
edge-2,URLLC,completed,20.81
edge-1,URLLC,completed,25.38
edge-1,URLLC,completed,6.305
edge-2,URLLC,completed,20.275
edge-1,URLLC,rejected,18.169
edge-2,URLLC,rejected,22.381
edge-2,URLLC,completed,13.817
edge-1,URLLC,rejected,1.754
edge-1,URLLC,completed,5.946
edge-2,URLLC,rejected,1.847
edge-1,URLLC,completed,11.638
edge-1,URLLC,completed,18.697
edge-2,URLLC,rejected,1.776
edge-2,URLLC,completed,13.129
edge-2,URLLC,completed,22.932
edge-2,URLLC,completed,8.829
edge-1,URLLC,completed,14.035
edge-2,URLLC,completed,23.059
edge-2,URLLC,completed,17.576
edge-1,URLLC,completed,11.236
edge-1,URLLC,completed,17.828
edge-1,URLLC,completed,7.124
edge-1,URLLC,completed,16.179
edge-2,URLLC,completed,16.083
edge-2,URLLC,completed,12.004
edge-2,URLLC,completed,7.483
edge-2,URLLC,completed,5.382
edge-1,URLLC,rejected,1.89
edge-1,URLLC,completed,11.575
edge-2,URLLC,completed,24.784
edge-1,URLLC,completed,13.973
edge-1,URLLC,completed,9.67
edge-1,URLLC,completed,16.119
edge-1,URLLC,completed,6.335
edge-2,URLLC,completed,12.522
edge-2,URLLC,rejected,1.916
edge-2,URLLC,completed,18.849
edge-2,URLLC,completed,11.899
edge-1,URLLC,completed,21.573
edge-1,URLLC,completed,9.947
edge-2,URLLC,completed,12.737
edge-1,URLLC,completed,6.6
edge-2,URLLC,completed,7.957
edge-1,URLLC,completed,5.941
edge-1,URLLC,completed,14.043
edge-2,URLLC,completed,17.674
edge-2,URLLC,completed,19.583
edge-2,URLLC,completed,11.399
edge-1,URLLC,completed,20.82
edge-1,URLLC,completed,5.626
edge-1,mMTC,completed,11.39
edge-2,URLLC,completed,23.769
edge-1,URLLC,completed,25.244
edge-1,URLLC,completed,24.97
edge-2,URLLC,completed,15.076
edge-2,mMTC,completed,14.671
edge-2,URLLC,completed,16.722
edge-2,URLLC,completed,25.011
edge-1,URLLC,completed,25.696
edge-2,mMTC,completed,6.767
edge-1,mMTC,completed,8.777
edge-2,mMTC,completed,8.999
edge-1,mMTC,completed,12.534
edge-2,mMTC,completed,9.22
edge-1,mMTC,completed,11.624
edge-2,mMTC,completed,7.263
edge-2,mMTC,completed,14.525
edge-1,mMTC,completed,12.932
edge-1,mMTC,completed,14.816
edge-1,mMTC,completed,11.025
edge-2,mMTC,completed,5.592
edge-1,mMTC,completed,8.179
edge-2,mMTC,completed,12.798
edge-1,mMTC,completed,14.077
edge-1,mMTC,completed,8.707
edge-2,mMTC,completed,13.437
edge-2,mMTC,completed,9.947
edge-2,mMTC,completed,6.43
edge-2,mMTC,completed,7.287
edge-1,mMTC,completed,9.655
edge-1,mMTC,completed,12.73
edge-1,mMTC,completed,12.662
edge-1,mMTC,completed,7.72
edge-2,mMTC,completed,13.098
edge-1,mMTC,completed,11.302
edge-2,mMTC,completed,8.271
edge-1,mMTC,completed,7.979
edge-2,mMTC,completed,15.296
edge-2,mMTC,completed,7.316
edge-1,mMTC,completed,6.321
edge-1,mMTC,completed,7.582
edge-2,mMTC,completed,9.115
edge-1,mMTC,completed,13.75
edge-1,mMTC,completed,11.979
edge-1,mMTC,completed,8.837
edge-2,mMTC,completed,15.232
edge-2,mMTC,completed,14.43
edge-2,mMTC,completed,15.017
edge-2,mMTC,completed,10.235
edge-2,mMTC,completed,6.952
edge-1,mMTC,completed,13.318
edge-1,mMTC,completed,9.711
edge-1,mMTC,completed,13.422
edge-2,mMTC,completed,12.4
edge-2,mMTC,completed,13.446
edge-1,mMTC,completed,10.929
edge-1,mMTC,completed,11.124
edge-2,mMTC,completed,11.901
edge-1,mMTC,completed,14.421
edge-2,mMTC,completed,14.61
edge-2,mMTC,completed,8.187
edge-1,mMTC,completed,13.763
edge-2,mMTC,completed,14.39
edge-1,mMTC,completed,10.295
edge-2,mMTC,completed,6.932
edge-1,mMTC,completed,7.151
edge-2,mMTC,completed,13.102
edge-1,mMTC,completed,10.055
edge-1,mMTC,completed,14.299
edge-2,mMTC,completed,15.995
edge-2,mMTC,completed,10.895
edge-2,mMTC,completed,9.974
edge-1,mMTC,completed,13.377
edge-1,mMTC,completed,15.841
edge-1,mMTC,completed,11.007
edge-1,mMTC,completed,13.027
edge-2,mMTC,completed,12.869
edge-2,mMTC,completed,14.136
edge-2,mMTC,completed,8.037
edge-1,mMTC,completed,10.898
edge-2,mMTC,completed,11.845
edge-2,mMTC,completed,7.072
edge-1,mMTC,completed,12.665
edge-2,mMTC,completed,8.208
edge-1,mMTC,completed,12.939
edge-2,mMTC,completed,13.348
edge-1,mMTC,completed,13.761
edge-2,mMTC,completed,14.868
edge-1,mMTC,completed,13.789
edge-1,mMTC,completed,10.176
edge-2,mMTC,completed,15.018
edge-2,mMTC,completed,10.764
edge-2,mMTC,completed,10.666
edge-1,mMTC,completed,7.061
edge-1,mMTC,completed,11.588
edge-2,mMTC,completed,8.005
edge-2,mMTC,completed,9.978
edge-1,mMTC,completed,8.608
edge-2,mMTC,completed,13.383
edge-1,mMTC,completed,13.861
edge-1,mMTC,completed,9.73
edge-1,mMTC,completed,7.598
edge-1,mMTC,completed,9.331
edge-1,mMTC,completed,11.517
edge-2,mMTC,completed,14.942
edge-1,mMTC,completed,14.115
edge-2,mMTC,completed,15.417
edge-2,mMTC,completed,6.495
edge-2,mMTC,completed,11.591
edge-1,mMTC,completed,12.684
edge-1,mMTC,completed,14.867
edge-1,mMTC,completed,9.821
edge-2,mMTC,completed,11.06
edge-2,mMTC,completed,15.4
edge-2,mMTC,completed,10.424
edge-1,mMTC,completed,14.847
edge-1,mMTC,completed,10.132
edge-2,mMTC,completed,8.961
edge-2,mMTC,completed,13.388
edge-2,mMTC,completed,6.5
edge-1,mMTC,completed,7.181
edge-2,mMTC,completed,7.181
edge-1,mMTC,completed,8.761
edge-2,mMTC,completed,9.937
edge-2,mMTC,completed,9.003
edge-1,mMTC,completed,11.388
edge-1,mMTC,completed,11.415
edge-1,mMTC,completed,14.776
edge-2,mMTC,completed,15.086
edge-1,mMTC,completed,11.222
edge-1,mMTC,completed,7.706
edge-2,mMTC,completed,12.049
edge-2,mMTC,completed,8.267
edge-1,mMTC,completed,10.733
edge-1,mMTC,completed,10.834
edge-2,mMTC,completed,15.003
edge-2,mMTC,completed,14.381
edge-2,mMTC,completed,6.293
edge-2,mMTC,completed,14.678
edge-2,mMTC,completed,8.701
edge-2,mMTC,completed,12.255
edge-1,mMTC,completed,15.378
edge-1,mMTC,completed,15.431
edge-1,mMTC,completed,11.738
edge-1,mMTC,completed,9.716
edge-1,mMTC,completed,13.432
edge-2,mMTC,completed,15.148
edge-1,mMTC,completed,6.173
edge-2,mMTC,completed,5.76
edge-1,mMTC,completed,7.931
edge-2,mMTC,completed,8.717
edge-2,mMTC,completed,11.019
edge-2,mMTC,completed,13.739
edge-1,mMTC,completed,13.968
edge-1,mMTC,completed,8.058
edge-1,mMTC,completed,11.922
edge-1,mMTC,completed,12.507
edge-2,mMTC,completed,12.552
edge-2,mMTC,completed,8.255
edge-1,mMTC,completed,7.432
edge-2,mMTC,completed,12.454
edge-2,mMTC,completed,10.222
edge-1,mMTC,completed,13.085
edge-1,mMTC,completed,14.924
edge-2,mMTC,completed,11.808
edge-1,mMTC,completed,7.624
edge-2,mMTC,completed,6.875
edge-1,mMTC,completed,8.303
edge-2,mMTC,completed,13.867
edge-1,mMTC,completed,8.017
edge-1,mMTC,completed,10.389
edge-1,mMTC,completed,18.022
edge-2,mMTC,completed,12.23
edge-2,mMTC,completed,13.257
edge-1,mMTC,completed,7.569
edge-2,mMTC,completed,15.723
edge-2,mMTC,completed,9.51
edge-1,mMTC,completed,8.749
edge-2,mMTC,completed,11.099
edge-2,mMTC,completed,12.02
edge-1,mMTC,completed,13.373
edge-2,mMTC,completed,10.96
edge-1,mMTC,completed,15.975
edge-1,mMTC,completed,14.69
edge-2,mMTC,completed,14.375
edge-1,mMTC,completed,14.669
edge-2,mMTC,completed,5.707
edge-1,mMTC,completed,6.4
edge-1,mMTC,completed,9.535
edge-2,mMTC,completed,8.42
edge-2,mMTC,completed,9.758
edge-1,mMTC,completed,12.117
edge-2,mMTC,completed,11.064
edge-1,mMTC,completed,13.37
edge-2,mMTC,completed,14.14
edge-2,mMTC,completed,10.03
edge-1,mMTC,completed,6.163
edge-2,mMTC,completed,8.687
edge-2,mMTC,completed,7.853
edge-1,mMTC,completed,9.163
edge-2,mMTC,completed,11.339
edge-1,mMTC,completed,12.66
edge-2,mMTC,completed,14.481
edge-2,mMTC,completed,9.781
edge-1,mMTC,completed,14.735
edge-1,mMTC,completed,13.975
edge-2,mMTC,completed,9.359
edge-1,mMTC,completed,9.869
edge-1,mMTC,completed,9.085
edge-1,mMTC,completed,7.962
edge-1,mMTC,completed,5.349
edge-2,mMTC,completed,13.994
edge-1,mMTC,completed,14.754
edge-1,mMTC,completed,7.646
edge-2,mMTC,completed,12.721
edge-2,mMTC,completed,13.699
edge-1,mMTC,completed,11.247
edge-2,mMTC,completed,12.869
edge-2,mMTC,completed,12.616
edge-2,mMTC,completed,12.664
edge-1,mMTC,completed,13.917
edge-2,mMTC,completed,13.278
edge-1,mMTC,completed,14.925
edge-2,mMTC,completed,13.126
edge-1,mMTC,completed,15.219
edge-2,mMTC,completed,9.596
edge-2,mMTC,completed,8.372
edge-2,mMTC,completed,7.561
edge-1,mMTC,completed,8.617
edge-1,mMTC,completed,11.775
edge-1,mMTC,completed,16.27
edge-1,mMTC,completed,6.62
edge-1,mMTC,completed,14.045
edge-2,mMTC,completed,13.35
edge-2,mMTC,completed,11.739
edge-2,mMTC,completed,12.871
edge-1,mMTC,completed,6.742
edge-1,mMTC,completed,15.825
edge-1,mMTC,completed,6.664
edge-2,mMTC,completed,9.242
edge-2,mMTC,completed,10.21
edge-1,mMTC,completed,12.2
edge-2,mMTC,completed,14.538
edge-1,mMTC,completed,5.952
edge-2,mMTC,completed,14.446
edge-1,mMTC,completed,14.673
edge-2,mMTC,completed,8.463
edge-2,mMTC,completed,8.301
edge-1,mMTC,completed,10.716
edge-1,mMTC,completed,7.311
edge-2,mMTC,completed,8.653
edge-1,mMTC,completed,11.052
edge-1,mMTC,completed,7.685
edge-2,mMTC,completed,8.144
edge-1,mMTC,completed,9.286
edge-1,mMTC,completed,9.906
edge-2,mMTC,completed,10.646
edge-2,mMTC,completed,13.224
edge-2,mMTC,completed,7.015
edge-2,mMTC,completed,13.98
edge-1,mMTC,completed,10.681
edge-1,mMTC,completed,14.512
edge-2,mMTC,completed,8.716
edge-1,mMTC,completed,9.559
edge-1,mMTC,completed,9.43
edge-1,mMTC,completed,13.956
edge-1,mMTC,completed,8.819
edge-2,mMTC,completed,15.146
edge-2,mMTC,completed,17.422
edge-1,mMTC,completed,11.022
edge-2,mMTC,completed,47.499
edge-2,mMTC,completed,39.859
edge-2,mMTC,completed,43.82
edge-1,mMTC,completed,13.015
edge-2,mMTC,completed,31.739
edge-1,mMTC,completed,32.573
edge-2,mMTC,completed,9.122
edge-1,mMTC,completed,27.774
edge-2,mMTC,completed,25.579
edge-1,mMTC,completed,31.118
edge-1,mMTC,completed,9.0
edge-2,mMTC,completed,12.168
edge-2,mMTC,completed,9.802
edge-1,mMTC,completed,40.96
edge-2,mMTC,completed,43.313
edge-2,mMTC,completed,33.331
edge-1,mMTC,completed,39.923
edge-1,mMTC,completed,32.915
edge-2,mMTC,completed,8.015
edge-2,mMTC,completed,6.179
edge-2,mMTC,completed,9.165
edge-2,mMTC,completed,9.959
edge-1,mMTC,completed,11.283
edge-1,mMTC,completed,13.239
edge-1,mMTC,completed,14.055
edge-1,mMTC,completed,12.935
edge-2,mMTC,completed,15.982
edge-1,mMTC,completed,13.907
edge-2,mMTC,completed,13.839
edge-2,mMTC,completed,12.632
ran-1,eMBB,rejected,2.029
edge-1,mMTC,completed,13.955
edge-1,mMTC,completed,10.086
edge-1,mMTC,completed,9.516
ran-1,eMBB,rejected,3.519
ran-1,eMBB,rejected,4.372
ran-1,eMBB,rejected,4.703
ran-1,eMBB,rejected,4.366
edge-2,mMTC,completed,15.069
edge-2,mMTC,completed,14.802
ran-1,eMBB,rejected,6.371
ran-1,eMBB,rejected,5.997
ran-1,eMBB,rejected,7.517
ran-1,eMBB,rejected,8.061
ran-1,eMBB,rejected,8.023
ran-1,eMBB,rejected,8.986
ran-1,eMBB,rejected,9.033
ran-1,eMBB,rejected,8.978
ran-1,eMBB,rejected,9.424
ran-1,eMBB,rejected,8.071
ran-1,eMBB,rejected,7.617
ran-1,eMBB,rejected,7.613
ran-1,eMBB,rejected,7.546
ran-1,eMBB,rejected,7.552
ran-1,eMBB,rejected,7.922
ran-1,eMBB,rejected,8.134
ran-1,eMBB,rejected,8.891
ran-1,eMBB,rejected,8.915
ran-1,eMBB,rejected,9.016
ran-1,eMBB,completed,40.408
ran-1,eMBB,rejected,9.187
ran-1,eMBB,completed,41.262
ran-1,eMBB,rejected,17.429
ran-1,eMBB,completed,41.886
ran-1,eMBB,rejected,8.626
ran-1,eMBB,rejected,9.306
ran-1,eMBB,rejected,10.987
ran-1,eMBB,rejected,11.364
ran-1,eMBB,rejected,11.673
ran-1,eMBB,rejected,13.051
ran-1,eMBB,rejected,11.352
ran-1,eMBB,rejected,10.894
ran-1,eMBB,rejected,9.068
ran-1,eMBB,rejected,9.026
ran-1,eMBB,rejected,9.152
ran-1,eMBB,rejected,10.782
ran-1,eMBB,rejected,12.389
ran-1,eMBB,rejected,12.24
ran-1,eMBB,rejected,11.785
ran-1,eMBB,rejected,11.378
ran-1,eMBB,rejected,11.266
ran-1,eMBB,rejected,9.29
ran-1,eMBB,rejected,8.953
ran-1,eMBB,completed,41.274
ran-1,eMBB,rejected,10.246
ran-1,eMBB,rejected,11.31
ran-1,eMBB,completed,41.826
ran-1,eMBB,completed,40.827
ran-1,eMBB,completed,41.027
ran-1,eMBB,rejected,10.447
ran-1,eMBB,rejected,10.535
ran-1,eMBB,rejected,9.426
ran-1,eMBB,rejected,9.662
ran-1,eMBB,rejected,9.662
ran-1,eMBB,rejected,10.077
ran-1,eMBB,rejected,7.836
ran-1,eMBB,rejected,8.069
ran-1,eMBB,rejected,8.446
ran-1,eMBB,rejected,8.431
ran-1,eMBB,rejected,8.449
ran-1,eMBB,rejected,8.806
ran-1,eMBB,rejected,8.749
ran-1,eMBB,rejected,6.953
ran-1,eMBB,rejected,6.559
ran-1,eMBB,rejected,6.606
ran-1,eMBB,rejected,6.649
ran-1,eMBB,rejected,6.281
ran-1,eMBB,rejected,6.258
ran-1,eMBB,rejected,6.891
ran-1,eMBB,rejected,6.214
ran-1,eMBB,rejected,7.907
ran-1,eMBB,rejected,8.368
ran-1,eMBB,rejected,8.354
ran-1,eMBB,rejected,8.6
ran-1,eMBB,rejected,8.547
ran-1,eMBB,rejected,8.837
ran-1,eMBB,rejected,7.337
ran-1,eMBB,rejected,6.979
ran-1,eMBB,rejected,7.111
ran-1,eMBB,completed,41.145
ran-1,eMBB,completed,40.661
ran-1,eMBB,completed,40.999
ran-1,eMBB,rejected,7.542
ran-1,eMBB,completed,41.521
ran-1,eMBB,rejected,8.614
ran-1,eMBB,rejected,9.337
ran-1,eMBB,rejected,12.69
ran-1,eMBB,rejected,10.298
ran-1,eMBB,rejected,10.066
ran-1,eMBB,rejected,9.417
ran-1,eMBB,rejected,7.487
ran-1,eMBB,rejected,6.217
ran-1,eMBB,rejected,6.828
ran-1,eMBB,rejected,6.782
ran-1,eMBB,rejected,7.596
ran-1,eMBB,rejected,9.834
ran-1,eMBB,rejected,10.045
ran-1,eMBB,rejected,9.923
ran-1,eMBB,rejected,9.723
ran-1,eMBB,rejected,9.623
ran-1,eMBB,rejected,8.839
ran-1,eMBB,rejected,6.46
ran-1,eMBB,rejected,6.22
ran-1,eMBB,rejected,6.407
ran-1,eMBB,rejected,6.94
ran-1,eMBB,rejected,7.15
ran-1,eMBB,rejected,6.805
ran-1,eMBB,rejected,8.501
ran-1,eMBB,rejected,9.145
ran-1,eMBB,rejected,9.362
ran-1,eMBB,completed,41.004
ran-1,eMBB,completed,41.267
ran-1,eMBB,rejected,8.768
ran-1,eMBB,rejected,8.926
ran-1,eMBB,completed,40.795
ran-1,eMBB,completed,40.706
ran-1,eMBB,rejected,8.128
ran-1,eMBB,rejected,8.806
ran-1,eMBB,rejected,9.981
ran-1,eMBB,rejected,10.503
ran-1,eMBB,rejected,11.042
ran-1,eMBB,rejected,8.791
ran-1,eMBB,rejected,10.407
ran-1,eMBB,rejected,9.215
ran-1,eMBB,rejected,8.115
ran-1,eMBB,rejected,6.927
ran-1,eMBB,rejected,7.431
ran-1,eMBB,rejected,7.258
ran-1,eMBB,rejected,7.29
ran-1,eMBB,rejected,7.538
ran-1,eMBB,rejected,7.684
ran-1,eMBB,rejected,17.857
ran-1,eMBB,rejected,8.402
ran-1,eMBB,rejected,8.488
ran-1,eMBB,rejected,8.016
ran-1,eMBB,rejected,7.933
ran-1,eMBB,rejected,6.565
ran-1,eMBB,rejected,6.39
ran-1,eMBB,rejected,6.945
ran-1,eMBB,rejected,6.769
ran-1,eMBB,completed,40.464
ran-1,eMBB,rejected,6.893
ran-1,eMBB,rejected,7.489
ran-1,eMBB,completed,41.492
ran-1,eMBB,completed,41.14
ran-1,eMBB,completed,40.783
ran-1,eMBB,rejected,10.17
ran-1,eMBB,rejected,9.744
ran-1,eMBB,rejected,9.349
ran-1,eMBB,rejected,9.725
ran-1,eMBB,rejected,8.783
ran-1,eMBB,rejected,6.316
ran-1,eMBB,rejected,8.605
ran-1,eMBB,rejected,24.902
ran-1,eMBB,rejected,10.307
ran-1,eMBB,rejected,10.318
ran-1,eMBB,rejected,10.154
ran-1,eMBB,rejected,10.073
ran-1,eMBB,rejected,7.413
ran-1,eMBB,rejected,7.471
ran-1,eMBB,rejected,7.127
ran-1,eMBB,rejected,7.278
ran-1,eMBB,rejected,7.231
ran-1,eMBB,rejected,6.926
ran-1,eMBB,rejected,9.078
ran-1,eMBB,rejected,8.316
ran-1,eMBB,rejected,8.896
ran-1,eMBB,completed,40.817
ran-1,eMBB,rejected,9.245
ran-1,eMBB,rejected,9.219
ran-1,eMBB,rejected,7.186
ran-1,eMBB,completed,41.232
ran-1,eMBB,completed,40.903
ran-1,eMBB,completed,40.529
ran-1,eMBB,completed,40.811
